year	category	n
1951	Africa oil	26116992
1952	Africa oil	28623168
1953	Africa oil	30304944
1954	Africa oil	32715856
1955	Africa oil	34302368
1956	Africa oil	35991472
1957	Africa oil	38618560
1958	Africa oil	41571744
1959	Africa oil	41982112
1960	Africa oil	48650592
1961	Africa oil	52270624
1962	Africa oil	54538640
1963	Africa oil	60591568
1964	Africa oil	69495088
1965	Africa oil	76137920
1966	Africa oil	84019184
1967	Africa oil	81117296
1968	Africa oil	86038048
1969	Africa oil	93838704
1970	Africa oil	98506640
1971	Africa oil	115394016
1972	Africa oil	119490368
1973	Africa oil	128434192
1974	Africa oil	134347888
1975	Africa oil	143984208
1976	Africa oil	151066720
1977	Africa oil	159999552
1978	Africa oil	165876608
1979	Africa oil	181782032
1980	Africa oil	198533840
1981	Africa oil	214146144
1982	Africa oil	236393952
1983	Africa oil	244077360
1984	Africa oil	251654512
1985	Africa oil	252614480
1986	Africa oil	255193936
1987	Africa oil	245612576
1988	Africa oil	263577168
1989	Africa oil	269736352
1990	Africa oil	243216320
1991	Africa oil	257267760
1992	Africa oil	259180368
1993	Africa oil	262987264
1994	Africa oil	257370352
1995	Africa oil	276393840
1996	Africa oil	281787248
1997	Africa oil	306193152
1998	Africa oil	316335104
1999	Africa oil	295025280
2000	Africa oil	314404176
2001	Africa oil	298070064
2002	Africa oil	287869488
2003	Africa oil	328986896
2004	Africa oil	354840080
2005	Africa oil	336219632
2006	Africa oil	370573296
2007	Africa oil	381250192
2008	Africa oil	407729920
2009	Africa oil	438111808
2010	Africa oil	432634128
2011	Africa oil	432645120
2012	Africa oil	436741472
2013	Africa oil	459564528
2014	Africa oil	450503456
1951	Asia oil	32693872
1952	Asia oil	38252160
1953	Asia oil	41590064
1954	Asia oil	50094208
1955	Asia oil	64120000
1956	Asia oil	70257200
1957	Asia oil	70290176
1958	Asia oil	78852944
1959	Asia oil	88884976
1960	Asia oil	93695808
1961	Asia oil	103434720
1962	Asia oil	108956368
1963	Asia oil	119252208
1964	Asia oil	131596224
1965	Asia oil	149084496
1966	Asia oil	176414272
1967	Asia oil	192792352
1968	Asia oil	232169360
1969	Asia oil	271714912
1970	Asia oil	337831792
1971	Asia oil	380191296
1972	Asia oil	418128352
1973	Asia oil	463954000
1974	Asia oil	481951568
1975	Asia oil	520079152
1976	Asia oil	590164144
1977	Asia oil	640932528
1978	Asia oil	709969616
1979	Asia oil	737456944
1980	Asia oil	738530496
1981	Asia oil	720859024
1982	Asia oil	728850208
1983	Asia oil	761683312
1984	Asia oil	760983488
1985	Asia oil	790398080
1986	Asia oil	829972944
1987	Asia oil	864564768
1988	Asia oil	946242656
1989	Asia oil	1013063024
1990	Asia oil	1021464576
1991	Asia oil	1100240576
1992	Asia oil	1218891888
1993	Asia oil	1308333792
1994	Asia oil	1358395024
1995	Asia oil	1459473792
1996	Asia oil	1589413888
1997	Asia oil	1689111328
1998	Asia oil	1595305600
1999	Asia oil	1675356672
2000	Asia oil	1807682032
2001	Asia oil	1800152512
2002	Asia oil	1784122512
2003	Asia oil	1851184704
2004	Asia oil	1997949888
2005	Asia oil	1992292672
2006	Asia oil	2012719472
2007	Asia oil	2086860512
2008	Asia oil	2185348832
2009	Asia oil	2284929024
2010	Asia oil	2410065616
2011	Asia oil	2431723520
2012	Asia oil	2511184688
2013	Asia oil	2640875632
2014	Asia oil	2752924416
1951	Europe oil	1103721376
1952	Europe oil	1092205424
1953	Europe oil	1093286304
1954	Europe oil	1136752336
1955	Europe oil	1204125968
1956	Europe oil	1264362128
1957	Europe oil	1290790560
1958	Europe oil	1262526464
1959	Europe oil	1247566352
1960	Europe oil	1315768048
1961	Europe oil	1348791680
1962	Europe oil	1409936512
1963	Europe oil	1481791216
1964	Europe oil	1488866400
1965	Europe oil	1507710352
1966	Europe oil	1507028848
1967	Europe oil	1526173248
1968	Europe oil	1573530448
1969	Europe oil	1631919952
1970	Europe oil	1691943600
1971	Europe oil	1713597840
1972	Europe oil	1729536240
1973	Europe oil	1826082640
1974	Europe oil	1879870160
1975	Europe oil	1947357376
1976	Europe oil	2016790176
1977	Europe oil	2065275888
1978	Europe oil	2155992864
1979	Europe oil	2221974176
1980	Europe oil	2240693552
1981	Europe oil	2252282784
1982	Europe oil	2244786240
1983	Europe oil	2241499632
1984	Europe oil	2173451824
1985	Europe oil	2270470880
1986	Europe oil	2255708624
1987	Europe oil	2294983040
1988	Europe oil	2258606848
1989	Europe oil	2266770240
1990	Europe oil	2192270128
1991	Europe oil	2140926496
1992	Europe oil	1746049888
1993	Europe oil	1569045712
1994	Europe oil	1374850048
1995	Europe oil	1331732096
1996	Europe oil	1270173232
1997	Europe oil	1215671232
1998	Europe oil	1215436736
1999	Europe oil	1143200976
2000	Europe oil	1155119968
2001	Europe oil	1170794560
2002	Europe oil	1171703232
2003	Europe oil	1206060560
2004	Europe oil	1217210112
2005	Europe oil	1189851024
2006	Europe oil	1230613024
2007	Europe oil	1226868416
2008	Europe oil	1202315952
2009	Europe oil	1100870784
2010	Europe oil	1112998624
2011	Europe oil	1174330320
2012	Europe oil	1228396304
2013	Europe oil	1161641888
2014	Europe oil	1107066608
1951	Latin America oil	119343808
1952	Latin America oil	124931408
1953	Latin America oil	128042144
1954	Latin America oil	141247200
1955	Latin America oil	158233504
1956	Latin America oil	172255632
1957	Latin America oil	185435040
1958	Latin America oil	179858432
1959	Latin America oil	201380768
1960	Latin America oil	202542256
1961	Latin America oil	207866048
1962	Latin America oil	217289856
1963	Latin America oil	216894144
1964	Latin America oil	233100016
1965	Latin America oil	238797536
1966	Latin America oil	249723584
1967	Latin America oil	266779504
1968	Latin America oil	289078608
1969	Latin America oil	320193296
1970	Latin America oil	354165904
1971	Latin America oil	380938752
1972	Latin America oil	405527856
1973	Latin America oil	445513088
1974	Latin America oil	478833504
1975	Latin America oil	493390576
1976	Latin America oil	529085264
1977	Latin America oil	544858784
1978	Latin America oil	576409488
1979	Latin America oil	611869680
1980	Latin America oil	646194032
1981	Latin America oil	636385504
1982	Latin America oil	640375600
1983	Latin America oil	598169984
1984	Latin America oil	602017184
1985	Latin America oil	615984352
1986	Latin America oil	635586752
1987	Latin America oil	663836192
1988	Latin America oil	678067168
1989	Latin America oil	696878144
1990	Latin America oil	689487856
1991	Latin America oil	698017648
1992	Latin America oil	739567408
1993	Latin America oil	754208752
1994	Latin America oil	767179312
1995	Latin America oil	754794992
1996	Latin America oil	773481392
1997	Latin America oil	813301744
1998	Latin America oil	864579424
1999	Latin America oil	891927520
2000	Latin America oil	872750144
2001	Latin America oil	901494224
2002	Latin America oil	905762784
2003	Latin America oil	907576464
2004	Latin America oil	891736992
2005	Latin America oil	933678800
2006	Latin America oil	942142640
2007	Latin America oil	958773536
2008	Latin America oil	1005416256
2009	Latin America oil	985920112
2010	Latin America oil	1016400928
2011	Latin America oil	1031016624
2012	Latin America oil	1081971872
2013	Latin America oil	1089724896
2014	Latin America oil	1101042992
1951	North America oil	1021043216
1952	North America oil	1064795040
1953	North America oil	1119927248
1954	North America oil	1138390144
1955	North America oil	1233661472
1956	North America oil	1300991136
1957	North America oil	1293784048
1958	North America oil	1324612944
1959	North America oil	1366115072
1960	North America oil	1397368992
1961	North America oil	1415978448
1962	North America oil	1461034656
1963	North America oil	1493527008
1964	North America oil	1537641568
1965	North America oil	1616439552
1966	North America oil	1685487632
1967	North America oil	1760683904
1968	North America oil	1868625344
1969	North America oil	1963156544
1970	North America oil	2249454176
1971	North America oil	2317633888
1972	North America oil	2502493680
1973	North America oil	2637658640
1974	North America oil	2548832288
1975	North America oil	2476721104
1976	North America oil	2533165024
1977	North America oil	2676423760
1978	North America oil	2726386064
1979	North America oil	2664611024
1980	North America oil	2458001728
1981	North America oil	2263443328
1982	North America oil	2137764464
1983	North America oil	2120422752
1984	North America oil	2150346640
1985	North America oil	2148137248
1986	North America oil	2231599504
1987	North America oil	2298031488
1988	North America oil	2390778320
1989	North America oil	2379386944
1990	North America oil	2197810096
1991	North America oil	2151951472
1992	North America oil	2202199568
1993	North America oil	2247732096
1994	North America oil	2276278320
1995	North America oil	2279905680
1996	North America oil	2339856048
1997	North America oil	2401869248
1998	North America oil	2458536672
1999	North America oil	2493124832
2000	North America oil	2547128528
2001	North America oil	2557406048
2002	North America oil	2526379296
2003	North America oil	2619181088
2004	North America oil	2678193472
2005	North America oil	2694487280
2006	North America oil	2631433504
2007	North America oil	2616187600
2008	North America oil	2498796704
2009	North America oil	2408112704
2010	North America oil	2419870480
2011	North America oil	2365522368
2012	North America oil	2316505376
2013	North America oil	2301395040
2014	North America oil	2360524672
1951	Oceania oil	24420560
1952	Oceania oil	28773392
1953	Oceania oil	35822928
1954	Oceania oil	43418400
1955	Oceania oil	50046576
1956	Oceania oil	57455184
1957	Oceania oil	70700544
1958	Oceania oil	74855520
1959	Oceania oil	87525632
1960	Oceania oil	114009024
1961	Oceania oil	142903328
1962	Oceania oil	160094816
1963	Oceania oil	193821936
1964	Oceania oil	226427872
1965	Oceania oil	258136128
1966	Oceania oil	283011024
1967	Oceania oil	344903312
1968	Oceania oil	401083424
1969	Oceania oil	475264768
1970	Oceania oil	584422656
1971	Oceania oil	641225648
1972	Oceania oil	706115088
1973	Oceania oil	749841264
1974	Oceania oil	729436448
1975	Oceania oil	700945184
1976	Oceania oil	734749248
1977	Oceania oil	763387072
1978	Oceania oil	748060560
1979	Oceania oil	773877104
1980	Oceania oil	728971120
1981	Oceania oil	691290544
1982	Oceania oil	666562208
1983	Oceania oil	650132832
1984	Oceania oil	663037440
1985	Oceania oil	616728144
1986	Oceania oil	629830608
1987	Oceania oil	629317648
1988	Oceania oil	678565472
1989	Oceania oil	713578656
1990	Oceania oil	757905728
1991	Oceania oil	744129088
1992	Oceania oil	774807760
1993	Oceania oil	762881440
1994	Oceania oil	800001424
1995	Oceania oil	796194528
1996	Oceania oil	807259808
1997	Oceania oil	785825408
1998	Oceania oil	764035600
1999	Oceania oil	773067360
2000	Oceania oil	774390064
2001	Oceania oil	739523440
2002	Oceania oil	754087840
2003	Oceania oil	761661328
2004	Oceania oil	748969232
2005	Oceania oil	750618032
2006	Oceania oil	721181456
2007	Oceania oil	714047648
2008	Oceania oil	687575248
2009	Oceania oil	639895616
2010	Oceania oil	651334624
2011	Oceania oil	672446592
2012	Oceania oil	686531008
2013	Oceania oil	666924944
2014	Oceania oil	639140832
1951	Africa coal	72770704
1952	Africa coal	79406208
1953	Africa coal	79072784
1954	Africa coal	81795136
1955	Africa coal	91702592
1956	Africa coal	95623072
1957	Africa coal	99327376
1958	Africa coal	103159920
1959	Africa coal	101712640
1960	Africa coal	103548304
1961	Africa coal	105013904
1962	Africa coal	106670032
1963	Africa coal	109187200
1964	Africa coal	115606528
1965	Africa coal	124894768
1966	Africa coal	123843200
1967	Africa coal	127111488
1968	Africa coal	132493904
1969	Africa coal	135179616
1970	Africa coal	140096704
1971	Africa coal	149908896
1972	Africa coal	153920976
1973	Africa coal	154291040
1974	Africa coal	157244224
1975	Africa coal	162197952
1976	Africa coal	171903888
1977	Africa coal	176689072
1978	Africa coal	178682288
1979	Africa coal	197361360
1980	Africa coal	212402080
1981	Africa coal	237342928
1982	Africa coal	250229216
1983	Africa coal	260939088
1984	Africa coal	286055808
1985	Africa coal	294699184
1986	Africa coal	305779120
1987	Africa coal	312520880
1988	Africa coal	322721456
1989	Africa coal	313484512
1990	Africa coal	296098832
1991	Africa coal	307043200
1992	Africa coal	289016320
1993	Africa coal	319365232
1994	Africa coal	331232928
1995	Africa coal	347460784
1996	Africa coal	353630960
1997	Africa coal	361230096
1998	Africa coal	355986912
1999	Africa coal	366912960
2000	Africa coal	370085984
2001	Africa coal	371841040
2002	Africa coal	360947968
2003	Africa coal	390765600
2004	Africa coal	417369904
2005	Africa coal	412614032
2006	Africa coal	418938096
2007	Africa coal	430182912
2008	Africa coal	454464240
2009	Africa coal	443127824
2010	Africa coal	441544976
2011	Africa coal	433689360
2012	Africa coal	430032688
2013	Africa coal	424159296
2014	Africa coal	456263264
1951	Asia coal	178264592
1952	Asia coal	210734960
1953	Asia coal	216846512
1954	Asia coal	246913296
1955	Asia coal	282666608
1956	Asia coal	308834896
1957	Asia coal	358720256
1958	Asia coal	633498272
1959	Asia coal	832772240
1960	Asia coal	903318896
1961	Asia coal	689018864
1962	Asia coal	597297952
1963	Asia coal	604354816
1964	Asia coal	600848368
1965	Asia coal	652855184
1966	Asia coal	695460176
1967	Asia coal	616552272
1968	Asia coal	654009344
1969	Asia coal	745847504
1970	Asia coal	921730496
1971	Asia coal	1028389536
1972	Asia coal	1050080416
1973	Asia coal	1079780800
1974	Asia coal	1086485920
1975	Asia coal	1244734080
1976	Asia coal	1261258720
1977	Asia coal	1368346448
1978	Asia coal	1477973328
1979	Asia coal	1529294976
1980	Asia coal	1534435568
1981	Asia coal	1556067824
1982	Asia coal	1695178912
1983	Asia coal	1812437904
1984	Asia coal	1974236480
1985	Asia coal	2166409616
1986	Asia coal	2281799968
1987	Asia coal	2443895328
1988	Asia coal	2635057200
1989	Asia coal	2698059680
1990	Asia coal	2702991424
1991	Asia coal	2821562128
1992	Asia coal	2891123168
1993	Asia coal	3046271584
1994	Asia coal	3226745568
1995	Asia coal	3439517712
1996	Asia coal	3580724608
1997	Asia coal	3582256160
1998	Asia coal	3414492592
1999	Asia coal	3415045856
2000	Asia coal	3514670016
2001	Asia coal	3606046512
2002	Asia coal	3999516144
2003	Asia coal	4609048192
2004	Asia coal	5224710112
2005	Asia coal	5885955856
2006	Asia coal	6477090960
2007	Asia coal	6985837360
2008	Asia coal	7588906112
2009	Asia coal	7977389040
2010	Asia coal	8535632416
2011	Asia coal	9583540080
2012	Asia coal	9902260448
2013	Asia coal	9758261584
2014	Asia coal	9848502240
1951	Europe coal	1974448992
1952	Europe coal	2008901584
1953	Europe coal	2058090784
1954	Europe coal	2185114336
1955	Europe coal	2361979280
1956	Europe coal	2498939600
1957	Europe coal	2593815216
1958	Europe coal	2606866384
1959	Europe coal	2646946880
1960	Europe coal	2761534816
1961	Europe coal	2814494272
1962	Europe coal	2912814048
1963	Europe coal	3083080128
1964	Europe coal	3196074224
1965	Europe coal	3288557248
1966	Europe coal	3380655552
1967	Europe coal	3421542128
1968	Europe coal	3538046336
1969	Europe coal	3689241296
1970	Europe coal	3951741248
1971	Europe coal	4037845248
1972	Europe coal	4167726720
1973	Europe coal	4319295408
1974	Europe coal	4259586864
1975	Europe coal	4231227504
1976	Europe coal	4436554400
1977	Europe coal	4434949568
1978	Europe coal	4527546176
1979	Europe coal	4666558336
1980	Europe coal	4652660784
1981	Europe coal	4367062976
1982	Europe coal	4302389712
1983	Europe coal	4263928704
1984	Europe coal	4267284928
1985	Europe coal	4526824368
1986	Europe coal	4566912192
1987	Europe coal	4608425312
1988	Europe coal	4604651392
1989	Europe coal	4612162592
1990	Europe coal	4219550336
1991	Europe coal	4079277760
1992	Europe coal	4046056272
1993	Europe coal	3866523936
1994	Europe coal	3729457360
1995	Europe coal	3731882928
1996	Europe coal	3781431200
1997	Europe coal	3627689760
1998	Europe coal	3630210592
1999	Europe coal	3611908912
2000	Europe coal	3639374256
2001	Europe coal	3678333568
2002	Europe coal	3682854944
2003	Europe coal	3784278128
2004	Europe coal	3789898704
2005	Europe coal	3782123696
2006	Europe coal	3830067136
2007	Europe coal	3774678448
2008	Europe coal	3734674896
2009	Europe coal	3386448336
2010	Europe coal	3498779248
2011	Europe coal	3400869840
2012	Europe coal	3405237328
2013	Europe coal	3293313120
2014	Europe coal	3082970208
1951	Latin America coal	23684096
1952	Latin America coal	22518944
1953	Latin America coal	21221888
1954	Latin America coal	22471312
1955	Latin America coal	22848704
1956	Latin America coal	23233424
1957	Latin America coal	22559248
1958	Latin America coal	22775424
1959	Latin America coal	22720464
1960	Latin America coal	24453536
1961	Latin America coal	24680704
1962	Latin America coal	25025120
1963	Latin America coal	25871504
1964	Latin America coal	26399120
1965	Latin America coal	26509040
1966	Latin America coal	27454352
1967	Latin America coal	30165712
1968	Latin America coal	31191632
1969	Latin America coal	33455984
1970	Latin America coal	31334528
1971	Latin America coal	32389760
1972	Latin America coal	32778144
1973	Latin America coal	35317296
1974	Latin America coal	38490320
1975	Latin America coal	39937600
1976	Latin America coal	40626432
1977	Latin America coal	45583824
1978	Latin America coal	52347568
1979	Latin America coal	56301024
1980	Latin America coal	50544880
1981	Latin America coal	48057024
1982	Latin America coal	50354352
1983	Latin America coal	54392080
1984	Latin America coal	60445008
1985	Latin America coal	69165328
1986	Latin America coal	69696608
1987	Latin America coal	75357488
1988	Latin America coal	76958656
1989	Latin America coal	82187184
1990	Latin America coal	81890400
1991	Latin America coal	83227760
1992	Latin America coal	81359120
1993	Latin America coal	86177280
1994	Latin America coal	91684272
1995	Latin America coal	96967760
1996	Latin America coal	104317744
1997	Latin America coal	109066288
1998	Latin America coal	111557808
1999	Latin America coal	107670304
2000	Latin America coal	108443408
2001	Latin America coal	106604080
2002	Latin America coal	109165216
2003	Latin America coal	124689584
2004	Latin America coal	119981344
2005	Latin America coal	131786752
2006	Latin America coal	136168896
2007	Latin America coal	134494448
2008	Latin America coal	136484000
2009	Latin America coal	121659456
2010	Latin America coal	151850816
2011	Latin America coal	169045968
2012	Latin America coal	161406528
2013	Latin America coal	169892352
2014	Latin America coal	179803472
1951	North America coal	1308480352
1952	North America coal	1164023488
1953	North America coal	1148894832
1954	North America coal	993530240
1955	North America coal	1098434224
1956	North America coal	1146839328
1957	North America coal	1089003088
1958	North America coal	945608784
1959	North America coal	964522352
1960	North America coal	967603776
1961	North America coal	933033936
1962	North America coal	967849264
1963	North America coal	1033607072
1964	North America coal	1101094288
1965	North America coal	1144794816
1966	North America coal	1185300336
1967	North America coal	1220364816
1968	North America coal	1200179840
1969	North America coal	1217122176
1970	North America coal	1226905056
1971	North America coal	1163283360
1972	North America coal	1186996768
1973	North America coal	1262563104
1974	North America coal	1244789040
1975	North America coal	1212516528
1976	North America coal	1333523792
1977	North America coal	1354386608
1978	North America coal	1436804624
1979	North America coal	1490782672
1980	North America coal	1541202976
1981	North America coal	1572123472
1982	North America coal	1525715248
1983	North America coal	1610368304
1984	North America coal	1689005072
1985	North America coal	1726443824
1986	North America coal	1680944272
1987	North America coal	1779839296
1988	North America coal	1865313088
1989	North America coal	1903656848
1990	North America coal	1874161648
1991	North America coal	1862403872
1992	North America coal	1888059200
1993	North America coal	1922361568
1994	North America coal	1937134816
1995	North America coal	1937002912
1996	North America coal	2009099440
1997	North America coal	2068291360
1998	North America coal	2086582048
1999	North America coal	2098790496
2000	North America coal	2191357792
2001	North America coal	2157583040
2002	North America coal	2175031008
2003	North America coal	2169996672
2004	North America coal	2213411408
2005	North America coal	2233537760
2006	North America coal	2204372320
2007	North America coal	2231269744
2008	North America coal	2188115152
2009	North America coal	1931704768
2010	North America coal	1999932112
2011	North America coal	1907797168
2012	North America coal	1702686448
2013	North America coal	1719951216
2014	North America coal	1724696096
1951	Oceania coal	162633968
1952	Oceania coal	167400832
1953	Oceania coal	173266896
1954	Oceania coal	170306384
1955	Oceania coal	166393232
1956	Oceania coal	179462720
1957	Oceania coal	194331232
1958	Oceania coal	185691520
1959	Oceania coal	189168656
1960	Oceania coal	205367200
1961	Oceania coal	227941104
1962	Oceania coal	221730624
1963	Oceania coal	225552176
1964	Oceania coal	234466688
1965	Oceania coal	243465472
1966	Oceania coal	248639040
1967	Oceania coal	263009248
1968	Oceania coal	282498064
1969	Oceania coal	304852128
1970	Oceania coal	309597008
1971	Oceania coal	286110768
1972	Oceania coal	282934080
1973	Oceania coal	299700544
1974	Oceania coal	320328864
1975	Oceania coal	305929344
1976	Oceania coal	302847920
1977	Oceania coal	306215136
1978	Oceania coal	283362768
1979	Oceania coal	302312976
1980	Oceania coal	346665696
1981	Oceania coal	372749712
1982	Oceania coal	370342464
1983	Oceania coal	356705056
1984	Oceania coal	392703856
1985	Oceania coal	412002144
1986	Oceania coal	395920848
1987	Oceania coal	402354832
1988	Oceania coal	434425824
1989	Oceania coal	443670096
1990	Oceania coal	439603056
1991	Oceania coal	448847328
1992	Oceania coal	447059296
1993	Oceania coal	452441712
1994	Oceania coal	469164208
1995	Oceania coal	483028784
1996	Oceania coal	504748976
1997	Oceania coal	523145920
1998	Oceania coal	514088512
1999	Oceania coal	543539744
2000	Oceania coal	562988256
2001	Oceania coal	575687680
2002	Oceania coal	593897760
2003	Oceania coal	600577232
2004	Oceania coal	647853824
2005	Oceania coal	629299328
2006	Oceania coal	639547536
2007	Oceania coal	655918288
2008	Oceania coal	649385376
2009	Oceania coal	607326320
2010	Oceania coal	651019520
2011	Oceania coal	615676576
2012	Oceania coal	627918000
2013	Oceania coal	641134048
2014	Oceania coal	619036464
1951	Africa gas	3664
1952	Africa gas	7328
1953	Africa gas	14656
1954	Africa gas	25648
1955	Africa gas	25648
1956	Africa gas	25648
1957	Africa gas	18320
1958	Africa gas	18320
1959	Africa gas	32976
1960	Africa gas	47632
1961	Africa gas	494640
1962	Africa gas	740128
1963	Africa gas	718144
1964	Africa gas	1450944
1965	Africa gas	2121456
1966	Africa gas	2359616
1967	Africa gas	2319312
1968	Africa gas	2363280
1969	Africa gas	2890896
1970	Africa gas	813408
1971	Africa gas	1692768
1972	Africa gas	4415120
1973	Africa gas	5356768
1974	Africa gas	5107616
1975	Africa gas	6419328
1976	Africa gas	8888864
1977	Africa gas	13527488
1978	Africa gas	34441600
1979	Africa gas	19661024
1980	Africa gas	34628464
1981	Africa gas	29403600
1982	Africa gas	23988208
1983	Africa gas	30422192
1984	Africa gas	47569712
1985	Africa gas	48848448
1986	Africa gas	58360192
1987	Africa gas	67868272
1988	Africa gas	68949152
1989	Africa gas	71404032
1990	Africa gas	75954720
1991	Africa gas	78471888
1992	Africa gas	74375536
1993	Africa gas	81923376
1994	Africa gas	85796224
1995	Africa gas	101763936
1996	Africa gas	108223568
1997	Africa gas	95458192
1998	Africa gas	112928144
1999	Africa gas	114617248
2000	Africa gas	115701792
2001	Africa gas	120582240
2002	Africa gas	135077024
2003	Africa gas	146516032
2004	Africa gas	151418464
2005	Africa gas	183361216
2006	Africa gas	179561648
2007	Africa gas	193624080
2008	Africa gas	195609968
2009	Africa gas	193026848
2010	Africa gas	201893728
2011	Africa gas	221803904
2012	Africa gas	233052384
2013	Africa gas	233964720
2014	Africa gas	249049408
1951	Asia gas	1930928
1952	Asia gas	2487856
1953	Asia gas	3066768
1954	Asia gas	3499120
1955	Asia gas	4246576
1956	Asia gas	4810832
1957	Asia gas	5283488
1958	Asia gas	5360432
1959	Asia gas	6111552
1960	Asia gas	8328272
1961	Asia gas	9632656
1962	Asia gas	9753568
1963	Asia gas	9991728
1964	Asia gas	10647584
1965	Asia gas	12615152
1966	Asia gas	13761984
1967	Asia gas	15253232
1968	Asia gas	16561280
1969	Asia gas	17759408
1970	Asia gas	15916416
1971	Asia gas	19038144
1972	Asia gas	22405360
1973	Asia gas	27414048
1974	Asia gas	32745168
1975	Asia gas	38112928
1976	Asia gas	42572016
1977	Asia gas	49687504
1978	Asia gas	55681808
1979	Asia gas	57751968
1980	Asia gas	63050112
1981	Asia gas	62485856
1982	Asia gas	67472560
1983	Asia gas	69769888
1984	Asia gas	86045376
1985	Asia gas	95388576
1986	Asia gas	100045520
1987	Asia gas	114177568
1988	Asia gas	122663392
1989	Asia gas	133127776
1990	Asia gas	160003216
1991	Asia gas	175359040
1992	Asia gas	196888704
1993	Asia gas	222042064
1994	Asia gas	244396128
1995	Asia gas	285784672
1996	Asia gas	311854032
1997	Asia gas	336509088
1998	Asia gas	314352880
1999	Asia gas	361178800
2000	Asia gas	358456448
2001	Asia gas	396243280
2002	Asia gas	411877568
2003	Asia gas	457655584
2004	Asia gas	494094064
2005	Asia gas	520181744
2006	Asia gas	559001824
2007	Asia gas	601698416
2008	Asia gas	653016400
2009	Asia gas	709174528
2010	Asia gas	799144048
2011	Asia gas	856441680
2012	Asia gas	890586496
2013	Asia gas	957227328
2014	Asia gas	979064768
1951	Europe gas	191638192
1952	Europe gas	203941904
1953	Europe gas	220942864
1954	Europe gas	252233424
1955	Europe gas	294461024
1956	Europe gas	334083520
1957	Europe gas	371536928
1958	Europe gas	426603184
1959	Europe gas	484296528
1960	Europe gas	556459008
1961	Europe gas	626925056
1962	Europe gas	728535104
1963	Europe gas	841448592
1964	Europe gas	968842208
1965	Europe gas	1085694496
1966	Europe gas	1207016864
1967	Europe gas	1303376400
1968	Europe gas	1424654800
1969	Europe gas	1551594080
1970	Europe gas	1685872352
1971	Europe gas	1791754624
1972	Europe gas	1916795952
1973	Europe gas	2043764544
1974	Europe gas	2003310320
1975	Europe gas	1955202000
1976	Europe gas	2117649104
1977	Europe gas	2117597808
1978	Europe gas	2216071472
1979	Europe gas	2302160816
1980	Europe gas	2234915424
1981	Europe gas	2155490896
1982	Europe gas	2134987152
1983	Europe gas	2140281632
1984	Europe gas	2207380464
1985	Europe gas	2252106912
1986	Europe gas	2247263104
1987	Europe gas	2392002096
1988	Europe gas	2476864000
1989	Europe gas	2531036240
1990	Europe gas	2511111408
1991	Europe gas	2530842048
1992	Europe gas	2576066800
1993	Europe gas	2520648800
1994	Europe gas	2418503808
1995	Europe gas	2421288448
1996	Europe gas	2475270160
1997	Europe gas	2419416144
1998	Europe gas	2441235264
1999	Europe gas	2454348720
2000	Europe gas	2441598000
2001	Europe gas	2505699680
2002	Europe gas	2503790736
2003	Europe gas	2586395616
2004	Europe gas	2611600272
2005	Europe gas	2627993008
2006	Europe gas	2622075648
2007	Europe gas	2610504736
2008	Europe gas	2599681280
2009	Europe gas	2431078656
2010	Europe gas	2540683552
2011	Europe gas	2515676752
2012	Europe gas	2428004560
2013	Europe gas	2411179472
2014	Europe gas	2324225424
1951	Latin America gas	7082512
1952	Latin America gas	8137744
1953	Latin America gas	8837568
1954	Latin America gas	9687616
1955	Latin America gas	10427744
1956	Latin America gas	11259472
1957	Latin America gas	12985216
1958	Latin America gas	15736880
1959	Latin America gas	17634832
1960	Latin America gas	20745568
1961	Latin America gas	24915200
1962	Latin America gas	30777600
1963	Latin America gas	32444720
1964	Latin America gas	37127312
1965	Latin America gas	41483808
1966	Latin America gas	44997584
1967	Latin America gas	49863376
1968	Latin America gas	51618432
1969	Latin America gas	52186352
1970	Latin America gas	59327488
1971	Latin America gas	60749120
1972	Latin America gas	64643952
1973	Latin America gas	72543536
1974	Latin America gas	75130320
1975	Latin America gas	75903424
1976	Latin America gas	75394128
1977	Latin America gas	81318816
1978	Latin America gas	91229936
1979	Latin America gas	106017840
1980	Latin America gas	115514928
1981	Latin America gas	118805200
1982	Latin America gas	129331872
1983	Latin America gas	135626624
1984	Latin America gas	141536656
1985	Latin America gas	145438816
1986	Latin America gas	144577776
1987	Latin America gas	152231872
1988	Latin America gas	160571136
1989	Latin America gas	201483360
1990	Latin America gas	171141776
1991	Latin America gas	178158336
1992	Latin America gas	156907136
1993	Latin America gas	170313712
1994	Latin America gas	186061584
1995	Latin America gas	203267728
1996	Latin America gas	225680416
1997	Latin America gas	240387712
1998	Latin America gas	265782896
1999	Latin America gas	273664160
2000	Latin America gas	274484896
2001	Latin America gas	286271984
2002	Latin America gas	297597408
2003	Latin America gas	315118656
2004	Latin America gas	343760144
2005	Latin America gas	351868576
2006	Latin America gas	380004432
2007	Latin America gas	379663680
2008	Latin America gas	390494464
2009	Latin America gas	389765328
2010	Latin America gas	420748112
2011	Latin America gas	429091040
2012	Latin America gas	451925088
2013	Latin America gas	451162976
2014	Latin America gas	462587328
1951	North America gas	380293888
1952	North America gas	407063072
1953	North America gas	428153056
1954	North America gas	449942864
1955	North America gas	486626832
1956	North America gas	514429264
1957	North America gas	551508944
1958	North America gas	584125872
1959	North America gas	610514000
1960	North America gas	651561792
1961	North America gas	659380768
1962	North America gas	702341168
1963	North America gas	740820496
1964	North America gas	793230352
1965	North America gas	820640736
1966	North America gas	884625168
1967	North America gas	926343472
1968	North America gas	991885104
1969	North America gas	1076376944
1970	North America gas	1121839856
1971	North America gas	1164397216
1972	North America gas	1192155680
1973	North America gas	1185351632
1974	North America gas	1135686112
1975	North America gas	1064043920
1976	North America gas	1093385232
1977	North America gas	1064842672
1978	North America gas	1084785824
1979	North America gas	1127585008
1980	North America gas	1113277088
1981	North America gas	1079945680
1982	North America gas	1013085008
1983	North America gas	971560896
1984	North America gas	1007468096
1985	North America gas	985198304
1986	North America gas	932568608
1987	North America gas	984106432
1988	North America gas	1033903856
1989	North America gas	1076842272
1990	North America gas	1128438720
1991	North America gas	1176279568
1992	North America gas	1203722928
1993	North America gas	1242194928
1994	North America gas	1271616848
1995	North America gas	1314841056
1996	North America gas	1312690288
1997	North America gas	1322535456
1998	North America gas	1297253856
1999	North America gas	1362619616
2000	North America gas	1424057568
2001	North America gas	1343020880
2002	North America gas	1392554496
2003	North America gas	1371475504
2004	North America gas	1346311152
2005	North America gas	1346538320
2006	North America gas	1332435584
2007	North America gas	1423632544
2008	North America gas	1420217696
2009	North America gas	1405957408
2010	North America gas	1453981456
2011	North America gas	1494050960
2012	North America gas	1554528944
2013	North America gas	1588344000
2014	North America gas	1634708256
1951	Oceania gas	161216
1952	Oceania gas	179536
1953	Oceania gas	216176
1954	Oceania gas	274800
1955	Oceania gas	344416
1956	Oceania gas	468992
1957	Oceania gas	637536
1958	Oceania gas	926992
1959	Oceania gas	1172480
1960	Oceania gas	1601168
1961	Oceania gas	2044512
1962	Oceania gas	2663728
1963	Oceania gas	3678656
1964	Oceania gas	4008416
1965	Oceania gas	3616368
1966	Oceania gas	3707968
1967	Oceania gas	3916816
1968	Oceania gas	4239248
1969	Oceania gas	5202880
1970	Oceania gas	10632928
1971	Oceania gas	12453936
1972	Oceania gas	14249296
1973	Oceania gas	17572544
1974	Oceania gas	22445664
1975	Oceania gas	26131648
1976	Oceania gas	31627648
1977	Oceania gas	38464672
1978	Oceania gas	50995552
1979	Oceania gas	58180656
1980	Oceania gas	67424928
1981	Oceania gas	71114576
1982	Oceania gas	76141584
1983	Oceania gas	80329536
1984	Oceania gas	101338912
1985	Oceania gas	113998032
1986	Oceania gas	117581424
1987	Oceania gas	119592960
1988	Oceania gas	124572336
1989	Oceania gas	131966288
1990	Oceania gas	143943904
1991	Oceania gas	147860720
1992	Oceania gas	152063328
1993	Oceania gas	155892208
1994	Oceania gas	164231472
1995	Oceania gas	169027648
1996	Oceania gas	177385232
1997	Oceania gas	183756928
1998	Oceania gas	187193760
1999	Oceania gas	198412928
2000	Oceania gas	206217248
2001	Oceania gas	211064720
2002	Oceania gas	213244800
2003	Oceania gas	219264752
2004	Oceania gas	216780560
2005	Oceania gas	212629248
2006	Oceania gas	238068400
2007	Oceania gas	259348912
2008	Oceania gas	265149024
2009	Oceania gas	260246592
2010	Oceania gas	270806240
2011	Oceania gas	305625232
2012	Oceania gas	315485056
2013	Oceania gas	321941024
2014	Oceania gas	329591456
